Model,Best Parameters,CV F1-Macro,Test Accuracy,Test F1-Macro,Test F1-Weighted,Test Precision-Macro,Test Recall-Macro
Naive Bayes,{'alpha': 2.0},0.4067139520540465,0.5222222222222223,0.5222222222222223,0.5222222222222223,0.5222222222222223,0.5222222222222223
Logistic Regression,"{'C': 0.1, 'solver': 'liblinear'}",0.4371745770348786,0.5,0.5021551724137931,0.5021551724137931,0.5063025210084033,0.5
Linear SVM,{'C': 0.01},0.4371711004669464,0.5,0.5021551724137931,0.5021551724137931,0.5063025210084033,0.5
Random Forest,"{'max_depth': 10, 'min_samples_split': 2, 'n_estimators': 200}",0.43184277569402785,0.5222222222222223,0.518162820683829,0.5181628206838291,0.5353535353535354,0.5222222222222221
XGBoost,"{'learning_rate': 0.01, 'max_depth': 5, 'n_estimators': 50}",0.42066911921411504,0.4222222222222222,0.41871060798709375,0.4187106079870938,0.4829059829059829,0.4222222222222222
